insert into kols (user_id, gender, phone, city_id, post_price, video_price, facebook_url, instagram_url, tiktok_url, youtube_url)
values (2, 'MALE', '0123456789', 1, 1000000, 2000000, 'https://facebook.com/sangkol', 'https://instagram.com/sangkol', 'https://tiktok.com/sangkol', 'https://youtube.com/sangkol'),
       (3, 'MALE', '0123456789', 2, 3000000, 5000000, 'https://facebook.com/sangkol', 'https://instagram.com/huykol', 'https://tiktok.com/huykol', 'https://youtube.com/huykol'),
       (4, 'MALE', '0123456789', 3, 1000000, 3000000, 'https://facebook.com/sangkol', 'https://instagram.com/thangkol', 'https://tiktok.com/thangkol', 'https://youtube.com/thangkol'),
       (5, 'MALE', '0123456789', 4, 5000000, 10000000, 'https://facebook.com/sangkol', 'https://instagram.com/chankol', 'https://tiktok.com/chankol', 'https://youtube.com/chankol'),
       (6, 'MALE', '0123456789', 5, 1000000, 5000000, 'https://facebook.com/sangkol', 'https://instagram.com/hieukol', 'https://tiktok.com/hieukol', 'https://youtube.com/hieukol'),
       (7, 'MALE', '0586072996', 6, 1000000, 3000000, 'https://www.facebook.com/iamwhoiam2702', 'https://www.instagram.com/fgd_i.m/', 'https://www.tiktok.com/@iam.hung2702', 'https://www.youtube.com/@hungpham.2702'),
       (8, 'MALE', '0367880706', 7, 2000000, 7000000, 'https://www.facebook.com/CatNumber4', 'https://www.instagram.com/norin.pham/', 'https://www.tiktok.com/@norinpham_m4', 'https://www.youtube.com/@norin.pham'),
       (9, 'MALE', '0976966969', 8, 500000, 2000000, 'https://www.facebook.com/ChangPavel/', 'https://www.instagram.com/ducthuan_ng/', 'https://www.tiktok.com/@ducthuan091298', 'https://www.youtube.com/ducthuan091298'),
       (10, 'MALE', '0976966969', 9, 500000, 2000000, 'https://www.facebook.com/huynhanhreview/', 'https://www.instagram.com/huynhanhreview/', 'https://www.tiktok.com/@huynhanhreview', 'https://www.youtube.com/huynhanhreview'),
       (11, 'MALE', '0373090001', 10, 1000000, 3000000, 'https://www.facebook.com/chongsalyyyy/', 'https://www.instagram.com/chongsalyyyy/', 'https://www.tiktok.com/@chongsalyyyy', 'https://www.youtube.com/chongsalyyyy'),
       (12, 'FEMALE', '0927432157', 11, 500000, 1500000, 'https://www.facebook.com/ti___en/', 'https://www.instagram.com/ti___en/', 'https://www.tiktok.com/@ti___en', 'https://www.youtube.com/ti___en'),
       (13, 'MALE', '0367445836', 12, 500000, 1500000, 'https://www.facebook.com/nguoixau/', 'https://www.instagram.com/nguoixau/', 'https://www.tiktok.com/@alienboyducky', 'https://www.youtube.com/nguoixau'),
       (14, 'MALE', '0367445837', 13, 500000, 1500000, 'https://www.facebook.com/anhchongcongnghe/', 'https://www.instagram.com/qmai124/', 'https://www.tiktok.com/@qmai.review', 'https://www.youtube.com/channel/UCjsz2DtewIljZ1bvYke4KhA'),
       (15, 'FEMALE', '0367445838', 14, 1500000, 5000000, 'https://www.facebook.com/maiamnhac97/', 'https://www.instagram.com/29.mimm/', 'https://www.tiktok.com/@music.mimm', 'https://www.youtube.com/@maiamnhac'),
       (16, 'MALE', '0817523666', 15, 500000, 2000000, 'https://www.facebook.com/noithatdep_26/', 'https://www.instagram.com/noithatdep_26/', 'https://www.tiktok.com/@noithatdep_26', 'https://www.youtube.com/@noithatdep_26'),
       (17, 'FEMALE', '0817523666', 16, 300000, 1500000, 'https://www.facebook.com/chip1233', 'https://www.instagram.com/Peoow__/', 'https://www.tiktok.com/@peoo__', 'https://www.youtube.com/@peoo__'),
       (18, 'MALE', '02315690341', 17, 5000000, 2000000, 'https://www.facebook.com/dies.enola', 'https://www.instagram.com/dies.enola/', 'https://www.tiktok.com/@dies.enola', 'https://www.youtube.com/@dies.enola'),
       (19, 'FEMALE', '09684433294', 18, 1000000, 3500000, 'https://www.facebook.com/cogiaoquynh', 'https://www.instagram.com/cogiaoquynh/', 'https://www.tiktok.com/@cogiaoquynh', 'https://www.youtube.com/@cogiaoquynh'),
       (20, 'MALE', '07488516499', 19, 1000000, 3000000, 'https://www.facebook.com/Trieuvuhongthang', 'https://www.instagram.com/thangmakeup/', 'https://www.tiktok.com/@thangmakeup', 'https://www.youtube.com/channel/UCBbXGJZZkfXz7NVE5KIyT3g'),
       (21, 'MALE', '0279837542', 20, 500000, 2000000, 'https://www.facebook.com/anhbungmo', 'https://www.instagram.com/anhbungmo/', 'https://www.tiktok.com/@anhbungmo', 'https://www.youtube.com/anhbungmo'),
       (22, 'MALE', '05958203683', 21, 1000000, 4000000, 'https://www.facebook.com/profile.php?id=100090505922472', 'https://www.instagram.com/hijanggg/', 'https://www.tiktok.com/@haigiangvideo', 'https://www.youtube.com/channel/UCe5ULGneDFZwmZgRxBhru6A'),
       (23, 'MALE', '03202536734', 22, 1000000, 3000000, 'https://www.facebook.com/kinz.tran', 'https://www.instagram.com/hoangthachhh/', 'https://www.tiktok.com/@hoangthachhh', 'https://www.youtube.com/user/yeah123688'),
       (24, 'MALE', '0366751264', 23, 1000000, 4000000, 'https://www.facebook.com/vietha0702', 'https://www.instagram.com/vietha0702/', 'https://www.tiktok.com/@haluatsu', 'https://www.youtube.com/user/vietha0702'),
       (25, 'MALE', '1900633246', 24, 1000000, 4000000, 'https://www.facebook.com/trungluatsu', 'https://www.instagram.com/trungluatsu/', 'https://www.tiktok.com/@trungluatsu', 'https://www.youtube.com/user/trungluatsu'),
       (26, 'MALE', '0989084777', 25, 1000000, 4000000, 'https://www.facebook.com/luatsubinh', 'https://www.instagram.com/luatsubinh/', 'https://www.tiktok.com/@luatsubinh', 'https://www.youtube.com/user/luatsubinh'),
       (27, 'MALE', '0989084777', 26, 1000000, 4000000, 'https://www.facebook.com/luatsunguyenhoa', 'https://www.instagram.com/luatsunguyenhoa/', 'https://www.tiktok.com/@luatsunguyenhoa?lang=vi-VN', 'https://www.youtube.com/user/luatsunguyenhoa'),
       (28, 'MALE', '06227570144', 27, 1000000, 3000000, 'https://www.facebook.com/vtvcpnht', 'https://www.instagram.com/vtvcpnht/', 'https://www.tiktok.com/@vtvcpnht', 'https://www.youtube.com/user/vtvcpnht'),
       (29, 'MALE', '0939863696', 27, 1000000, 3000000, 'https://www.facebook.com/familymatpet', 'https://www.instagram.com/familymatpet/', 'https://www.tiktok.com/@familymatpet', 'https://www.youtube.com/familymatpet'),
       (30, 'FEMALE', '0365048235', 28, 1000000, 3000000, 'https://www.facebook.com/phamthihaiyen1999', 'https://www.instagram.com/minn.cookie/', 'https://www.tiktok.com/@minn.cookie', 'https://www.youtube.com/channel/UCLzT-eFUHP6CZ3WFi1y66Aw'),
       (31, 'MALE', '09448486908', 29, 5000000, 3000000, 'https://www.facebook.com/tuanngocday', 'https://www.instagram.com/tuanngocday/', 'https://www.tiktok.com/@tuanngocday', 'https://www.youtube.com/tuanngocday'),
       (32, 'MALE', '09448486908', 30, 3000000, 7000000, 'https://www.facebook.com/uyyy.real.channel', 'https://www.instagram.com/uyyy.real.channel/', 'https://www.tiktok.com/@duyyy.real.channel', 'https://www.youtube.com/uyyy.real.channel'),
       (33, 'MALE', '0459189399', 31, 5000000, 2000000, 'https://www.facebook.com/vaobepdee', 'https://www.instagram.com/vaobepdee/', 'https://www.tiktok.com/@vaobepdee', 'https://www.youtube.com/vaobepdee'),
       (34, 'FEMALE', '05455803380', 32, 1000000, 3000000, 'https://www.facebook.com/heluhine', 'https://www.instagram.com/heluhine/', 'https://www.tiktok.com/@heluhine', 'https://www.youtube.com/heluhine'),
       (35, 'MALE', '04499990709', 33, 5000000, 1500000, 'https://www.facebook.com/neyakowo', 'https://www.instagram.com/neyakowo/', 'https://www.tiktok.com/@neyakowo', 'https://www.youtube.com/neyakowo'),
       (36, 'FEMALE', '05335981471', 34, 1000000, 3000000, 'https://www.facebook.com/dangthuhaf', 'https://www.instagram.com/dangthuhaf/', 'https://www.tiktok.com/@dangthuhaf', 'https://www.youtube.com/dangthuhaf'),
       (37, 'MALE', '08632021022', 35, 500000, 1500000, 'https://www.facebook.com/adminkhaofficial', 'https://www.instagram.com/adminkhaofficial/', 'https://www.tiktok.com/@adminkhaofficial', 'https://www.youtube.com/adminkhaofficial'),
       (38, 'MALE', '0983663092', 36, 3000000, 7000000, 'https://www.facebook.com/Theanh28', 'https://www.instagram.com/theanh28entertainment/', 'https://www.tiktok.com/@theanh28entertainment', 'https://www.youtube.com/@theanh28'),
       (39, 'MALE', '0969161718', 37, 2500000, 6500000, 'https://www.facebook.com/tiin.vn', 'https://www.instagram.com/tiin.vn/', 'https://www.tiktok.com/@tiin.vn', 'https://www.youtube.com/@tiin.vn'),
       (40, 'MALE', '07483989701', 38, 500000, 2000000, 'https://www.facebook.com/Tranhnguyen211/', 'https://www.instagram.com/tranh.nguyenn/', 'https://www.tiktok.com/@tranhnguyenn', 'https://www.youtube.com/@tranhnguyenn'),
       (41, 'MALE', '03366780105', 39, 1000000, 3000000, 'https://www.facebook.com/Xuan.Hoinguyenn/', 'https://www.instagram.com/nghien.setups/', 'https://www.tiktok.com/@nghien.setups', 'https://www.youtube.com/channel/UCp9ETyLPopVcKWDgG337FAQ'),
       (42, 'FEMALE', '03116710030', 40, 1000000, 3000000, 'https://www.facebook.com/vuong.b.ngoc.1?paipv=0&eav=Afana83C1MdtqRrQv99BFQKxbQgCWdPrYGEuZjetvrXIIW2IRCWY-maeDCPOV4pfD9E&_rdr', 'https://www.instagram.com/ngoc.vuong39/', 'https://www.tiktok.com/@ngoc.vuong39', 'https://www.youtube.com/ngoc.vuong39'),
       (43, 'MALE', '06956380057', 41, 1000000, 3000000, 'https://www.facebook.com/Delachriss', 'https://www.instagram.com/dlchristianz/', 'https://www.tiktok.com/@delachrisss', 'https://www.youtube.com/ngoc.vuong39'),
       (44, 'MALE', '09621253441', 42, 1000000, 3000000, 'https://www.facebook.com/gsvuduy2412', 'https://www.instagram.com/vuduy2412/', 'https://www.tiktok.com/@vuduy2412', 'https://www.youtube.com/channel/UC6yS-UcEfIyVbrgGJMMt2kw'),
       (45, 'FEMALE', '09621253441', 43, 1000000, 3000000, 'https://www.facebook.com/giabaodilinh', 'https://www.instagram.com/_tieutieu_/', 'https://www.tiktok.com/@_tieutieu_', 'https://www.youtube.com/_tieutieu_'),
       (46, 'FEMALE', '06673085293', 44, 1000000, 3000000, 'https://www.facebook.com/andienchannel', 'https://instagram.com/doyendan/', 'https://www.tiktok.com/@yendan7', 'https://www.youtube.com/_tieutieu_'),
       (47, 'MALE', '0898737933', 45, 1000000, 3000000, 'https://www.facebook.com/haidangrevieww/', 'https://instagram.com/haidangrevieww/', 'https://www.tiktok.com/@haidangrevieww', 'https://www.youtube.com/channel/UC1Ib_MfKq7q-FhSDhbkpqzw'),
       (48, 'MALE', '05131962724', 46, 1000000, 3000000, 'https://www.facebook.com/decaffeine/', 'https://instagram.com/decaffeine/', 'https://www.tiktok.com/@decaffeine', 'https://www.youtube.com/decaffeine'),
       (49, 'FEMALE', '0979986826', 47, 1000000, 3000000, 'https://www.facebook.com/lehangsuckhoe/', 'https://instagram.com/lehangsuckhoe/', 'https://www.tiktok.com/@lehangsuckhoe', 'https://www.youtube.com/lehangsuckhoe'),
       (50, 'FEMALE', '09374415488', 48, 1000000, 3000000, 'https://www.facebook.com/hocdaycon/', 'https://instagram.com/hocdaycon/', 'https://www.tiktok.com/@hocdaycon', 'https://www.youtube.com/hocdaycon');

insert into kol_fields (kol_id, field_id)
values (1,	1),
       (1,	2),
       (1,	3),
       (2,	4),
       (2,	5),
       (2,	6),
       (3,	7),
       (3,	8),
       (3,	9),
       (4,	10),
       (4,	11),
       (4,	12),
       (5,	13),
       (5,	14),
       (5,	15),
       (6,	16),
       (6,	17),
       (6,	18),
       (7,	1),
       (7,	2),
       (7,	3),
       (8,	4),
       (8,	5),
       (8,	6),
       (9,	7),
       (9,	8),
       (9,	9),
       (10,	10),
       (10,	11),
       (10,	12),
       (11,	13),
       (11,	14),
       (11,	15),
       (12,	16),
       (12,	17),
       (12,	18),
       (13,	1),
       (13,	2),
       (13,	3),
       (14,	4),
       (14,	5),
       (14,	6),
       (15,	7),
       (15,	8),
       (15,	9),
       (16,	10),
       (16,	11),
       (16,	12),
       (17,	13),
       (17,	14),
       (17,	15),
       (18,	16),
       (18,	17),
       (18,	18),
       (19,	1),
       (19,	2),
       (19,	3),
       (20,	4),
       (20,	5),
       (20,	6),
       (21,	7),
       (21,	8),
       (21,	9),
       (22,	10),
       (22,	11),
       (22,	12),
       (23,	13),
       (23,	14),
       (23,	15),
       (24,	16),
       (24,	17),
       (24,	18),
       (25,	1),
       (25,	2),
       (25,	3),
       (26,	4),
       (26,	5),
       (26,	6),
       (27,	7),
       (27,	8),
       (27,	9),
       (28,	10),
       (28,	11),
       (28,	12),
       (29,	13),
       (29,	14),
       (29,	15),
       (30,	16),
       (30,	17),
       (30,	18),
       (31,	1),
       (31,	2),
       (31,	3),
       (32,	4),
       (32,	5),
       (32,	6),
       (33,	7),
       (33,	8),
       (33,	9),
       (34,	10),
       (34,	11),
       (34,	12),
       (35,	13),
       (35,	14),
       (35,	15),
       (36,	16),
       (36,	17),
       (36,	18),
       (37,	1),
       (37,	2),
       (37,	3),
       (38,	4),
       (38,	5),
       (38,	6),
       (39,	7),
       (39,	8),
       (40,	9),
       (40,	10),
       (40,	11),
       (41,	12),
       (41,	13),
       (41,	14),
       (42,	15),
       (42,	16),
       (42,	17),
       (43,	18),
       (43,	1),
       (43,	2),
       (44,	3),
       (44,	4),
       (44,	5),
       (45,	6),
       (45,	7),
       (45,	8),
       (46,	9),
       (46,	10),
       (46,	11),
       (47,	12),
       (47,	13),
       (47,	14),
       (48,	15),
       (48,	16),
       (48,	17),
       (49,	18),
       (49,	1),
       (49,	2);

insert into kol_images (kol_id, image_id)
values (1,	1),
       (1,	2),
       (1,	3),
       (2,	4),
       (2,	5),
       (2,	6),
       (3,	7),
       (3,	8),
       (3,	9),
       (4,	10),
       (4,	11),
       (4,	12),
       (5,	13),
       (5,	14),
       (5,	15),
       (6,	16),
       (6,	17),
       (6,	18),
       (7,	19),
       (7,	20),
       (7,	21),
       (8,	22),
       (8,	23),
       (8,	24),
       (9,	25),
       (9,	26),
       (9,	27),
       (10,	28),
       (10,	29),
       (10,	30),
       (11,	31),
       (11,	32),
       (11,	33),
       (12,	34),
       (12,	35),
       (12,	36),
       (13,	37),
       (13,	38),
       (13,	39),
       (14,	40),
       (14,	41),
       (15,	42),
       (15,	43),
       (15,	44),
       (16,	45),
       (16,	46),
       (16,	47),
       (17,	48),
       (17,	49),
       (17,	50),
       (18,	51),
       (18,	52),
       (18,	53),
       (19,	54),
       (19,	55),
       (19,	56),
       (20,	57),
       (20,	58),
       (20,	59),
       (21,	60),
       (21,	61),
       (21,	62),
       (22,	63),
       (22,	64),
       (22,	65),
       (23,	66),
       (23,	67),
       (23,	68),
       (24,	69),
       (24,	70),
       (24,	71),
       (25,	72),
       (25,	73),
       (25,	74),
       (26,	75),
       (26,	76),
       (26,	77),
       (27,	78),
       (27,	79),
       (27,	80),
       (28,	81),
       (28,	82),
       (28,	83),
       (29,	84),
       (29,	85),
       (29,	86),
       (30,	87),
       (30,	88),
       (30,	89),
       (31,	90),
       (31,	91),
       (31,	92),
       (32,	93),
       (32,	94),
       (32,	95),
       (33,	96),
       (33,	97),
       (33,	98),
       (34,	99),
       (34,	100),
       (34,	101),
       (35,	102),
       (35,	103),
       (35,	104),
       (36,	105),
       (36,	106),
       (36,	107),
       (37,	108),
       (37,	109),
       (37,	110),
       (38,	111),
       (38,	112),
       (38,	113),
       (39,	114),
       (39,	115),
       (39,	116),
       (40,	117),
       (40,	118),
       (40,	119),
       (41,	120),
       (41,	121),
       (41,	122),
       (42,	123),
       (42,	124),
       (42,	125),
       (43,	126),
       (43,	127),
       (43,	128),
       (44,	129),
       (44,	130),
       (44,	131),
       (45,	132),
       (45,	133),
       (45,	134),
       (46,	135),
       (46,	136),
       (46,	137),
       (47,	138),
       (47,	139),
       (47,	140),
       (48,	141),
       (48,	142),
       (48,	143),
       (49,	144),
       (49,	145),
       (49,	146);